Date,Expiry,En_Date,Ce_En_Date,Pe_En_Date,Ce_Ex_Date,Pe_Ex_Date,Fut_En_Price,ATM_Strike,Ce_Short_Strike,Pe_Short_Strike,Ce_Long_Strike,Pe_Long_Strike,Ce_Short_En_Price,Ce_Short_Ex_Price,Pe_Short_En_Price,Pe_Short_Ex_Price,Ce_Long_En_Price,Ce_Long_Ex_Price,Pe_Long_En_Price,Pe_Long_Ex_Price,Returns_Abs,Quantity,Lot_Size,Total_Abs_Return,Total_Capital_Return,Total_Pct_Return,Pfolio_Total_Daily_Drawdown,Pfolio_Max_Daily_Drawdown
02-01-2017,05-01-2017,02-01-2017,02-01-2017 10:30,02-01-2017 10:30,02-01-2017 15:20,02-01-2017 10:50,18067.95,18100,18100,18100,18500,17700,89.95,73.95,171.45,227.3,16.15,10.55,32.35,58.65,-19.15,3,25,-1436.25,998563.75,-0.143625,-0.006769746,-0.006769746
03-01-2017,05-01-2017,03-01-2017,03-01-2017 10:30,03-01-2017 10:30,03-01-2017 15:20,03-01-2017 15:20,18107,18100,18100,18100,18500,17700,90.3,61.65,136.55,190,12.1,7.75,21.6,19.5,-31.25,3,25,-2343.75,996220,-0.234712105,-0.00060586,-0.002944209
04-01-2017,05-01-2017,04-01-2017,04-01-2017 10:30,04-01-2017 10:30,04-01-2017 15:20,04-01-2017 13:04,18048.05,18000,18000,18000,18400,17600,94.45,30.05,82,107.55,6.4,4.45,6,3.65,34.55,3,25,2591.25,998811.25,0.260108209,-0.001415341,-0.001415341
05-01-2017,05-01-2017,05-01-2017,05-01-2017 10:30,05-01-2017 10:30,05-01-2017 11:51,05-01-2017 13:56,18079.7,18100,18100,18100,18500,17700,20,26.8,79.05,14.5,0.15,0.1,0.35,0.2,57.55,3,25,4316.25,1003127.5,0.432138705,-0.00166186,-0.00166186
06-01-2017,12-01-2017,06-01-2017,06-01-2017 10:30,06-01-2017 10:30,06-01-2017 15:20,06-01-2017 15:20,18340,18300,18300,18300,18700,17900,129,109.7,137,143.75,19.5,13.5,30.55,31.2,7.2,3,25,540,1003667.5,0.053831642,-0.000189406,-0.000847346
09-01-2017,12-01-2017,07-01-2017,09-01-2017 10:30,09-01-2017 10:30,09-01-2017 15:20,09-01-2017 15:20,18359.1,18400,18400,18400,18800,18000,78.25,66.85,160,167.35,4.6,3.3,30.75,27.3,-0.7,3,25,-52.5,1003615,-0.005230816,-0.001006303,-0.001071071
10-01-2017,12-01-2017,08-01-2017,10-01-2017 10:30,10-01-2017 10:30,10-01-2017 15:20,10-01-2017 15:20,18361.75,18400,18400,18400,18800,18000,64.45,86.15,135.9,81.9,1.7,2.75,14.55,10.1,28.9,3,25,2167.5,1005782.5,0.215969271,-0.000632701,-0.000632701
11-01-2017,12-01-2017,09-01-2017,11-01-2017 10:30,11-01-2017 10:30,11-01-2017 11:23,11-01-2017 13:13,18625.9,18600,18600,18600,19000,18200,58.35,76.45,82.65,16,0.9,1.65,3.65,2.5,48.15,3,25,3611.25,1009393.75,0.3590488,-0.010921721,-0.010921721
12-01-2017,12-01-2017,10-01-2017,12-01-2017 10:30,12-01-2017 10:30,12-01-2017 10:53,12-01-2017 15:02,18860,18900,18900,18900,19300,18500,21.15,28.65,79.2,15,0.25,0.15,0.95,0.6,56.25,3,25,4218.75,1013612.5,0.417948893,-0.00083706,-0.002006046
13-01-2017,19-01-2017,11-01-2017,13-01-2017 10:30,13-01-2017 10:30,13-01-2017 15:20,13-01-2017 15:20,18830,18800,18800,18800,19200,18400,131.7,173.15,137.45,88.75,26.7,37.35,27.5,19.25,9.65,3,25,723.75,1014336.25,0.071403026,-0.001568638,-0.001568638
16-01-2017,19-01-2017,12-01-2017,16-01-2017 10:30,16-01-2017 10:30,16-01-2017 13:42,16-01-2017 15:20,19005.2,19000,19000,19000,19400,18600,108.7,141.4,133,70.85,15.3,28.5,25.95,18,34.7,3,25,2602.5,1016938.75,0.256571724,-0.001656243,-0.001656243
17-01-2017,19-01-2017,13-01-2017,17-01-2017 10:30,17-01-2017 10:30,17-01-2017 15:20,17-01-2017 15:20,19164.35,19200,19200,19200,19600,18800,82.65,55.05,136.9,178,8.3,5.3,22.8,25.15,-14.15,3,25,-1061.25,1015877.5,-0.104357317,-0.004375829,-0.004375829
18-01-2017,19-01-2017,14-01-2017,18-01-2017 10:30,18-01-2017 10:30,18-01-2017 15:20,18-01-2017 12:25,19290.15,19300,19300,19300,19700,18900,70.45,26.85,95.2,131.2,2.85,1.95,7.05,13.85,13.5,3,25,1012.5,1016890,0.099667529,-0.000723507,-0.002938341
19-01-2017,19-01-2017,15-01-2017,19-01-2017 10:30,19-01-2017 10:30,19-01-2017 11:56,19-01-2017 14:37,19116.25,19100,19100,19100,19500,18700,38.9,51.2,46.1,6.7,0.15,0.1,0.25,0.15,26.95,3,25,2021.25,1018911.25,0.198767812,-0.000304832,-0.002261771
20-01-2017,25-01-2017,16-01-2017,20-01-2017 10:30,20-01-2017 10:30,20-01-2017 15:20,20-01-2017 13:19,19002.5,19000,19000,19000,19400,18600,138.3,71.15,130.05,173,23.1,15,23.6,15.85,8.35,3,25,626.25,1019537.5,0.061462664,-0.004897199,-0.004897199
23-01-2017,25-01-2017,17-01-2017,23-01-2017 10:30,23-01-2017 10:30,23-01-2017 12:00,23-01-2017 12:51,18866.65,18900,18900,18900,19300,18500,94,122.55,124.95,162.75,9.9,6.8,18.2,12.7,-74.95,3,25,-5621.25,1013916.25,-0.551352942,-0.000323669,-0.001392773
24-01-2017,25-01-2017,18-01-2017,24-01-2017 10:30,24-01-2017 10:30,24-01-2017 14:46,24-01-2017 15:20,18984.1,19000,19000,19000,19400,18600,67.55,88.65,79.5,39.7,2.7,1.8,4.05,2.65,16.4,3,25,1230,1015146.25,0.121311795,-8.88E-05,-0.001015838
25-01-2017,25-01-2017,19-01-2017,25-01-2017 10:30,25-01-2017 10:30,25-01-2017 12:13,25-01-2017 12:59,19148,19100,19100,19100,19500,18700,62,81.15,22.4,4.3,0.35,0.2,0.35,0.2,-1.35,3,25,-101.25,1015045,-0.009973932,-0.027163388,-0.027163388
27-01-2017,02-02-2017,20-01-2017,27-01-2017 10:30,27-01-2017 10:30,27-01-2017 15:20,27-01-2017 15:20,19765,19800,19800,19800,20200,19400,187.2,245.7,284.85,292.5,82,90.5,112.3,115.6,-54.35,3,25,-4076.25,1010968.75,-0.401583181,-0.002497423,-0.002497423
30-01-2017,02-02-2017,21-01-2017,30-01-2017 10:30,30-01-2017 10:30,30-01-2017 15:20,30-01-2017 15:20,19718.9,19700,19700,19700,20100,19300,241,196.7,275,301.95,111.4,88.2,105.5,115.2,3.85,3,25,288.75,1011257.5,0.028561714,-0.003511444,-0.003511444
31-01-2017,02-02-2017,22-01-2017,31-01-2017 10:30,31-01-2017 10:30,31-01-2017 15:20,31-01-2017 15:20,19549.05,19500,19500,19500,19900,19100,235.5,228.15,234.05,207.65,102.05,95.85,82.6,55.55,0.5,3,25,37.5,1011295,0.003708254,-0.001774981,-0.001774981
01-02-2017,02-02-2017,23-01-2017,01-02-2017 10:30,01-02-2017 10:30,01-02-2017 13:06,01-02-2017 13:04,19627.75,19600,19600,19600,20000,19200,216.35,311.5,244.65,42.95,84.75,59,95.15,63.2,48.85,3,25,3663.75,1014958.75,0.362283013,-0.012191407,-0.012191407
02-02-2017,02-02-2017,24-01-2017,02-02-2017 10:30,02-02-2017 10:30,02-02-2017 11:34,02-02-2017 11:18,20116.5,20100,20100,20100,20500,19700,40.4,8,71.45,95.65,0.85,0.55,1,1.85,8.75,3,25,656.25,1015615,0.0646578,-0.001684626,-0.006714536
03-02-2017,09-02-2017,25-01-2017,03-02-2017 10:30,03-02-2017 10:30,03-02-2017 15:20,03-02-2017 15:20,20152.25,20200,20200,20200,20600,19800,141.95,160,232,170,33.85,35.1,70.9,49.5,23.8,3,25,1785,1017400,0.175755577,-0.00484903,-0.004972109
06-02-2017,09-02-2017,26-01-2017,06-02-2017 10:30,06-02-2017 10:30,06-02-2017 15:20,06-02-2017 15:20,20490.65,20500,20500,20500,20900,20100,145.5,110.15,194.25,266.6,36,25,50.5,55.65,-42.85,3,25,-3213.75,1014186.25,-0.31587871,-0.002285228,-0.002285228
07-02-2017,09-02-2017,27-01-2017,07-02-2017 10:30,07-02-2017 10:30,07-02-2017 15:20,07-02-2017 15:20,20384.85,20400,20400,20400,20800,20000,125.75,120.3,188.3,177.55,25.75,23.45,42,36.55,8.45,3,25,633.75,1014820,0.062488522,-0.00096135,-0.00096135
08-02-2017,09-02-2017,28-01-2017,08-02-2017 10:30,08-02-2017 10:30,08-02-2017 14:35,08-02-2017 14:46,20372.9,20400,20400,20400,20800,20000,113.8,21.35,177.9,246.9,20.45,13.9,38,16.9,-4.2,3,25,-315,1014505,-0.031039987,-0.009542854,-0.009542854
09-02-2017,09-02-2017,29-01-2017,09-02-2017 10:30,09-02-2017 10:30,09-02-2017 11:19,09-02-2017 10:33,20200.15,20200,20200,20200,20600,19800,39.15,7,82,115.95,0.9,0.6,3.2,8.6,3.3,3,25,247.5,1014752.5,0.024396134,-0.00360738,-0.004795137
10-02-2017,16-02-2017,30-01-2017,10-02-2017 10:30,10-02-2017 10:30,10-02-2017 15:20,10-02-2017 15:20,20326.15,20300,20300,20300,20700,19900,147.5,112.75,156,176.35,31.1,21.75,40.7,42.25,6.6,3,25,495,1015247.5,0.048780368,-0.001276158,-0.003010575
13-02-2017,16-02-2017,31-01-2017,13-02-2017 10:30,13-02-2017 10:30,13-02-2017 15:20,13-02-2017 12:55,20290.1,20300,20300,20300,20700,19900,105.95,101.45,149.2,200,13.1,9.15,28.55,51.6,-27.2,3,25,-2040,1013207.5,-0.200936225,-0.007810387,-0.007810387
14-02-2017,16-02-2017,01-02-2017,14-02-2017 10:30,14-02-2017 10:30,14-02-2017 15:20,14-02-2017 15:02,20293,20300,20300,20300,20700,19900,91.95,81.6,132.7,172.75,8.85,6.15,21.45,14.7,-39.15,3,25,-2936.25,1010271.25,-0.2897975,-0.000167781,-0.001322528
15-02-2017,16-02-2017,02-02-2017,15-02-2017 10:30,15-02-2017 10:30,15-02-2017 15:20,15-02-2017 11:31,20330.95,20300,20300,20300,20700,19900,88.3,31.75,84,113.95,3.6,2.3,9.15,19.95,36.1,3,25,2707.5,1012978.75,0.267997332,-0.001638167,-0.004449296
16-02-2017,16-02-2017,03-02-2017,16-02-2017 10:30,16-02-2017 10:30,16-02-2017 11:34,16-02-2017 11:47,20140.4,20100,20100,20100,20500,19700,63,84,48.8,9.75,0.65,1.4,1.15,0.8,18.45,3,25,1383.75,1014362.5,0.136602076,-0.00854903,-0.00854903
17-02-2017,23-02-2017,04-02-2017,17-02-2017 10:30,17-02-2017 10:30,17-02-2017 12:22,17-02-2017 13:31,20584.05,20600,20600,20600,21000,20200,149.5,203,168.25,225.1,29,53,47.1,32.3,-101.15,3,25,-7586.25,1006776.25,-0.747883523,-0.00063586,-0.002627253
20-02-2017,23-02-2017,05-02-2017,20-02-2017 10:30,20-02-2017 10:30,20-02-2017 15:20,20-02-2017 15:20,20544.95,20500,20500,20500,20900,20100,153.15,200,110.8,53.6,24.35,36.4,21.25,14.5,15.65,3,25,1173.75,1007950,0.116584991,-0.002031225,-0.002031225
21-02-2017,23-02-2017,06-02-2017,21-02-2017 10:30,21-02-2017 10:30,21-02-2017 14:56,21-02-2017 15:20,20646.4,20600,20600,20600,21000,20200,133,175.8,90.6,25.1,12.6,22.8,10.55,7.2,29.55,3,25,2216.25,1010166.25,0.219876978,-0.008784863,-0.008784863
22-02-2017,23-02-2017,07-02-2017,22-02-2017 10:30,22-02-2017 10:30,22-02-2017 15:20,22-02-2017 15:20,20878,20900,20900,20900,21300,20500,78.2,59.6,98.7,97.6,22.7,14.9,8.85,6.85,9.9,3,25,742.5,1010908.75,0.073502753,-0.00077709,-0.00141065
23-02-2017,23-02-2017,08-02-2017,23-02-2017 10:30,23-02-2017 10:30,23-02-2017 12:39,23-02-2017 13:15,20892.85,20900,20900,20900,21300,20500,60.65,80.95,66,12.7,7.45,5.1,3.9,2.65,29.4,3,25,2205,1013113.75,0.218120577,-0.001251224,-0.003155419
27-02-2017,02-03-2017,09-02-2017,27-02-2017 10:30,27-02-2017 10:30,27-02-2017 15:20,27-02-2017 15:20,20752,20800,20800,20800,21200,20400,103,68.95,182.7,211,18.2,11.2,40.05,43,1.7,3,25,127.5,1013241.25,0.012584964,-0.001914868,-0.001914868
28-02-2017,02-03-2017,10-02-2017,28-02-2017 10:30,28-02-2017 10:30,28-02-2017 15:20,28-02-2017 15:20,20719.95,20700,20700,20700,21100,20300,96.6,73.35,115.5,154.4,9.65,6.45,14.35,16.75,-16.45,3,25,-1233.75,1012007.5,-0.12176271,-0.000236862,-0.001347159
01-03-2017,02-03-2017,11-02-2017,01-03-2017 10:30,01-03-2017 10:30,01-03-2017 15:20,01-03-2017 15:20,20865.85,20900,20900,20900,21300,20500,51.75,33.05,121.65,116.2,2.35,1.6,9.55,6.2,20.05,3,25,1503.75,1013511.25,0.148590796,-0.000415008,-0.002089876
02-03-2017,02-03-2017,12-02-2017,02-03-2017 10:30,02-03-2017 10:30,02-03-2017 11:30,02-03-2017 12:35,20889.5,20900,20900,20900,21300,20500,29.25,41.8,71.4,95.75,0.05,0.1,0.55,0.35,-37.05,3,25,-2778.75,1010732.5,-0.274170612,-0.022939568,-0.022939568
03-03-2017,09-03-2017,13-02-2017,03-03-2017 10:30,03-03-2017 10:30,03-03-2017 15:20,03-03-2017 15:20,20528.25,20500,20500,20500,20900,20100,144.2,159.75,151.6,123.05,28.65,32.1,37.85,26.4,5,3,25,375,1011107.5,0.037101805,-0.000187981,-0.000504583
06-03-2017,09-03-2017,14-02-2017,06-03-2017 10:30,06-03-2017 10:30,06-03-2017 15:20,06-03-2017 15:20,20775,20800,20800,20800,21200,20400,89.65,70.6,155.45,207.9,7.75,5.1,27.25,27.25,-36.05,3,25,-2703.75,1008403.75,-0.267404801,-0.005231717,-0.005231717
07-03-2017,09-03-2017,15-02-2017,07-03-2017 10:30,07-03-2017 10:30,07-03-2017 15:20,07-03-2017 15:20,20688.6,20700,20700,20700,21100,20300,84.45,87,128.3,108.6,7.1,7.15,16.85,11.5,11.85,3,25,888.75,1009292.5,0.088134341,-0.000282621,-0.000570205
08-03-2017,09-03-2017,16-02-2017,08-03-2017 10:30,08-03-2017 10:30,08-03-2017 15:20,08-03-2017 11:04,20757.95,20800,20800,20800,21200,20400,50.45,35.4,134,175.25,1.9,1.15,12,24.1,-14.85,3,25,-1113.75,1008178.75,-0.110349577,-0.010189817,-0.010189817
09-03-2017,09-03-2017,17-02-2017,09-03-2017 10:30,09-03-2017 10:30,09-03-2017 11:38,09-03-2017 13:50,20761.95,20800,20800,20800,21200,20400,25.05,33.15,107.75,143,0.15,0.1,3.15,2.15,-44.4,3,25,-3330,1004848.75,-0.330298571,-0.005068089,-0.005068089
10-03-2017,16-03-2017,18-02-2017,10-03-2017 10:30,10-03-2017 10:30,10-03-2017 15:20,10-03-2017 15:20,20819.95,20800,20800,20800,21200,20400,201.1,200.6,217,282.5,68.7,71.15,71.5,84.9,-49.15,3,25,-3686.25,1001162.5,-0.366846254,-0.002064964,-0.002064964
14-03-2017,16-03-2017,19-02-2017,14-03-2017 10:30,14-03-2017 10:30,14-03-2017 15:20,14-03-2017 15:20,21183.55,21200,21200,21200,21600,20800,90.7,66.5,154,155.75,9.6,6.65,27.1,21.7,14.1,3,25,1057.5,1002220,0.105627208,-0.000529377,-0.000819044
15-03-2017,16-03-2017,20-02-2017,15-03-2017 10:30,15-03-2017 10:30,15-03-2017 15:20,15-03-2017 15:20,21255.9,21300,21300,21300,21700,20900,47.15,37.3,143.45,150.4,1.55,1.05,14.7,16.5,4.2,3,25,315,1002535,0.031430225,-0.001581464,-0.001581464
16-03-2017,16-03-2017,21-02-2017,16-03-2017 10:30,16-03-2017 10:30,16-03-2017 14:33,16-03-2017 15:20,21291.05,21300,21300,21300,21700,20900,26.75,4.95,75.8,46.3,0.6,0.35,0.95,0.65,50.75,3,25,3806.25,1006341.25,0.379662555,-0.000593463,-0.00187516
17-03-2017,23-03-2017,22-02-2017,17-03-2017 10:30,17-03-2017 10:30,17-03-2017 15:20,17-03-2017 15:20,21231.55,21200,21200,21200,21600,20800,129.25,122.35,124.7,124.65,17.9,13.5,19.5,20.35,3.4,3,25,255,1006596.25,0.025339317,-0.000238486,-0.001207342
20-03-2017,23-03-2017,23-02-2017,20-03-2017 10:30,20-03-2017 10:30,20-03-2017 15:20,20-03-2017 15:20,21155.05,21200,21200,21200,21600,20800,70.45,70.5,144.95,120.1,4.8,4.3,19.1,12.95,18.15,3,25,1361.25,1007957.5,0.13523297,-0.000153982,-0.000769917
21-03-2017,23-03-2017,24-02-2017,21-03-2017 10:30,21-03-2017 10:30,21-03-2017 15:20,21-03-2017 11:21,21146.1,21100,21100,21100,21500,20700,89.6,63,75.7,105.6,5,3.4,4.65,8.7,-0.85,3,25,-63.75,1007893.75,-0.006324671,-0.001473269,-0.001473269
22-03-2017,23-03-2017,25-02-2017,22-03-2017 10:30,22-03-2017 10:30,22-03-2017 15:20,22-03-2017 14:55,20921.15,20900,20900,20900,21300,20500,61,23.15,78.55,102.9,1.8,1.25,3.85,2.65,11.75,3,25,881.25,1008775,0.087434811,-0.002658963,-0.002658963
23-03-2017,23-03-2017,26-02-2017,23-03-2017 10:30,23-03-2017 10:30,23-03-2017 10:51,23-03-2017 14:21,20842,20800,20800,20800,21200,20400,39.6,54.35,35.95,6.45,0.15,0.1,0.25,0.15,14.6,3,25,1095,1009870,0.108547496,-0.007360168,-0.007360168
24-03-2017,30-03-2017,27-02-2017,24-03-2017 10:30,24-03-2017 10:30,24-03-2017 15:20,24-03-2017 15:20,21161.05,21200,21200,21200,21600,20800,114.1,103,151.95,167.5,15.35,11.9,31.15,32.85,-6.2,3,25,-465,1009405,-0.046045531,-0.001178364,-0.001614065
27-03-2017,30-03-2017,28-02-2017,27-03-2017 10:30,27-03-2017 10:30,27-03-2017 15:20,27-03-2017 14:14,21086.8,21100,21100,21100,21500,20700,115,112.15,128.25,172,11.5,7.65,19.95,13.75,-50.95,3,25,-3821.25,1005583.75,-0.3785646,-0.000921325,-0.001050121
28-03-2017,30-03-2017,01-03-2017,28-03-2017 10:30,28-03-2017 10:30,28-03-2017 15:20,28-03-2017 15:20,21215,21200,21200,21200,21600,20800,101.7,103,92,78,6.4,4.3,10.75,9.1,8.95,3,25,671.25,1006255,0.066752272,-0.000890028,-0.000890028
29-03-2017,30-03-2017,02-03-2017,29-03-2017 10:30,29-03-2017 10:30,29-03-2017 11:20,29-03-2017 15:20,21301,21300,21300,21300,21700,20900,72.9,95.15,78.75,30.15,3.6,6.55,6.6,4.6,27.3,3,25,2047.5,1008302.5,0.20347725,-0.002305573,-0.002305573
30-03-2017,30-03-2017,03-03-2017,30-03-2017 10:30,30-03-2017 10:30,30-03-2017 14:49,30-03-2017 15:02,21472.8,21500,21500,21500,21900,21100,31.4,6,57.4,2,0.25,0.15,0.8,0.55,80.45,3,25,6033.75,1014336.25,0.598406728,-0.007189992,-0.007189992
31-03-2017,06-04-2017,04-03-2017,31-03-2017 10:30,31-03-2017 10:30,31-03-2017 15:20,31-03-2017 15:20,21546.6,21500,21500,21500,21900,21100,149.8,125,134.7,160.4,27,24.5,30.15,34.55,1,3,25,75,1014411.25,0.007393998,-0.000591517,-0.000818267
03-04-2017,06-04-2017,05-03-2017,03-04-2017 10:30,03-04-2017 10:30,03-04-2017 15:20,03-04-2017 15:20,21487.9,21500,21500,21500,21900,21100,101.8,126.65,144.45,82.2,10.7,10.5,25.55,17.75,29.4,3,25,2205,1016616.25,0.217367463,-0.000241514,-0.000487964
05-04-2017,06-04-2017,06-03-2017,05-04-2017 10:30,05-04-2017 10:30,05-04-2017 11:14,05-04-2017 15:20,21584,21600,21600,21600,22000,21200,60.2,79.35,108.6,53.8,2,3.6,8.9,6.05,34.4,3,25,2580,1019196.25,0.253783077,-0.001244309,-0.001244309
06-04-2017,06-04-2017,07-03-2017,06-04-2017 10:30,06-04-2017 10:30,06-04-2017 15:20,06-04-2017 14:05,21615.7,21600,21600,21600,22000,21200,62.75,25.6,66.1,89.05,0.95,0.65,1.8,3.25,15.35,3,25,1151.25,1020347.5,0.112956656,-0.000819186,-0.002119098
07-04-2017,13-04-2017,08-03-2017,07-04-2017 10:30,07-04-2017 10:30,07-04-2017 15:20,07-04-2017 14:49,21605.05,21600,21600,21600,22000,21200,108.5,50,130.3,172.9,11.5,7.75,22.3,42.15,32,3,25,2400,1022747.5,0.235213983,-0.003753581,-0.003753581
10-04-2017,13-04-2017,09-03-2017,10-04-2017 10:30,10-04-2017 10:30,10-04-2017 14:46,10-04-2017 15:20,21453,21500,21500,21500,21900,21100,70.15,94.15,139.5,76.2,4.7,8.5,20.25,14,36.85,3,25,2763.75,1025511.25,0.270227989,-0.000327543,-0.00057687
11-04-2017,13-04-2017,10-03-2017,11-04-2017 10:30,11-04-2017 10:30,11-04-2017 13:44,11-04-2017 15:20,21639.05,21600,21600,21600,22000,21200,96.05,132.05,84,33.5,4.4,8.15,10.5,7.3,15.05,3,25,1128.75,1026640,0.110067052,-0.003154501,-0.003154501
12-04-2017,13-04-2017,11-03-2017,12-04-2017 10:30,12-04-2017 10:30,12-04-2017 12:28,12-04-2017 15:20,21629.05,21600,21600,21600,22000,21200,77.2,102.15,80.2,33.65,3,5.5,7.65,5.35,21.8,3,25,1635,1028275,0.159257383,-0.00071592,-0.005089388
13-04-2017,13-04-2017,12-03-2017,13-04-2017 10:30,13-04-2017 10:30,13-04-2017 14:29,13-04-2017 14:48,21765,21800,21800,21800,22200,21400,20.35,3.75,89.3,116.75,0.3,0.2,1.3,0.9,-11.35,3,25,-851.25,1027423.75,-0.082784275,-0.003685685,-0.003685685
17-04-2017,20-04-2017,13-03-2017,17-04-2017 10:30,17-04-2017 10:30,17-04-2017 15:20,17-04-2017 15:20,21665,21700,21700,21700,22100,21300,80,86.55,147.55,118.35,5.15,4.8,27.95,19.45,13.8,3,25,1035,1028458.75,0.100737403,-0.000170327,-0.000579114
18-04-2017,20-04-2017,14-03-2017,18-04-2017 10:30,18-04-2017 10:30,18-04-2017 15:12,18-04-2017 14:41,21929.25,21900,21900,21900,22300,21500,95.45,19,99.55,151.05,6.6,4.5,14.1,28.6,37.35,3,25,2801.25,1031260,0.272373588,-0.0066069,-0.0066069
19-04-2017,20-04-2017,15-03-2017,19-04-2017 10:30,19-04-2017 10:30,19-04-2017 15:20,19-04-2017 14:44,21619.95,21600,21600,21600,22000,21200,88.85,59.65,93.35,127.4,5.75,3.95,10.45,7.15,-9.95,3,25,-746.25,1030513.75,-0.072362935,-0.000441192,-0.001406014
20-04-2017,20-04-2017,16-03-2017,20-04-2017 10:30,20-04-2017 10:30,20-04-2017 11:55,20-04-2017 15:19,21526.7,21500,21500,21500,21900,21100,40.05,53,44.75,8.55,0.4,0.25,0.4,0.25,22.95,3,25,1721.25,1032235,0.167028339,-0.001382737,-0.001382737
21-04-2017,27-04-2017,17-03-2017,21-04-2017 10:30,21-04-2017 10:30,21-04-2017 15:20,21-04-2017 13:01,21554.1,21600,21600,21600,22000,21200,124,119.1,166.1,238,18.45,11.7,40.9,74.4,-40.25,3,25,-3018.75,1029216.25,-0.292447941,-0.002954744,-0.002954744
24-04-2017,27-04-2017,18-03-2017,24-04-2017 10:30,24-04-2017 10:30,24-04-2017 12:35,24-04-2017 15:20,21668.85,21700,21700,21700,22100,21300,103.65,135.25,135.5,77.05,8.95,16.95,28.15,19.45,26.15,3,25,1961.25,1031177.5,0.190557621,-0.002798234,-0.002798234
25-04-2017,27-04-2017,19-03-2017,25-04-2017 10:30,25-04-2017 10:30,25-04-2017 15:20,25-04-2017 15:20,21898,21900,21900,21900,22300,21500,98.95,129.4,102.95,48.8,6.7,9.4,15.7,10.95,21.65,3,25,1623.75,1032801.25,0.157465616,-0.000552757,-0.000780652
26-04-2017,27-04-2017,20-03-2017,26-04-2017 10:30,26-04-2017 10:30,26-04-2017 15:20,26-04-2017 14:35,22183.95,22200,22200,22200,22600,21800,86,83.65,101.7,134.7,5.65,2.75,13.3,9.1,-37.75,3,25,-2831.25,1029970,-0.274133092,-0.000987568,-0.002013877
27-04-2017,27-04-2017,21-03-2017,27-04-2017 10:30,27-04-2017 10:30,27-04-2017 10:58,27-04-2017 14:07,22204.65,22200,22200,22200,22600,21800,47.8,63,46.45,8.8,0.4,0.75,0.75,0.5,22.55,3,25,1691.25,1031661.25,0.164203812,-0.007194357,-0.007194357
28-04-2017,04-05-2017,22-03-2017,28-04-2017 10:30,28-04-2017 10:30,28-04-2017 15:20,28-04-2017 15:20,22251.55,22300,22300,22300,22700,21900,87.1,114,175.9,98.8,9.45,10.3,38.95,27,39.1,3,25,2932.5,1034593.75,0.284250281,-0.007293534,-0.007293534
02-05-2017,04-05-2017,23-03-2017,02-05-2017 10:30,02-05-2017 10:30,02-05-2017 15:20,02-05-2017 10:49,22443,22400,22400,22400,22800,22000,105,76.05,100.05,142,7.6,4.75,15.75,28.95,-2.65,3,25,-198.75,1034395,-0.019210439,-0.000207809,-0.002488899
03-05-2017,04-05-2017,24-03-2017,03-05-2017 10:30,03-05-2017 10:30,03-05-2017 15:20,03-05-2017 15:20,22340,22300,22300,22300,22700,21900,93.65,78,93.85,69.1,6.35,4.25,9,6.2,35.5,3,25,2662.5,1037057.5,0.257396836,-0.000420522,-0.000638043
04-05-2017,04-05-2017,25-03-2017,04-05-2017 10:30,04-05-2017 10:30,04-05-2017 11:30,04-05-2017 13:34,22554.95,22600,22600,22600,23100,22100,17.3,22.65,74.7,14.3,0.05,0.1,0.35,0.2,54.95,3,25,4121.25,1041178.75,0.397398408,-0.006850868,-0.006850868
05-05-2017,11-05-2017,26-03-2017,05-05-2017 10:30,05-05-2017 10:30,05-05-2017 15:20,05-05-2017 13:16,22742.85,22700,22700,22700,23200,22200,155.3,102.95,152.8,201.85,18.6,11.4,25.6,47,17.5,3,25,1312.5,1042491.25,0.126059046,-0.000696313,-0.002761286
08-05-2017,11-05-2017,27-03-2017,08-05-2017 10:30,08-05-2017 10:30,08-05-2017 15:20,08-05-2017 15:20,22768,22800,22800,22800,23300,22300,97.95,90.55,159.25,140.1,5.35,3.7,19.65,18.3,23.55,3,25,1766.25,1044257.5,0.169425882,-0.000263785,-0.000748196
09-05-2017,11-05-2017,28-03-2017,09-05-2017 10:30,09-05-2017 10:30,09-05-2017 15:20,09-05-2017 15:20,22736.1,22700,22700,22700,23200,22200,106.25,115.65,107.4,82.15,4.85,4.25,10,6.9,12.15,3,25,911.25,1045168.75,0.08726296,-0.000584138,-0.000756512
10-05-2017,11-05-2017,29-03-2017,10-05-2017 10:30,10-05-2017 10:30,10-05-2017 15:20,10-05-2017 15:20,22843.5,22800,22800,22800,23300,22300,92.1,82.8,73.4,50.1,1.35,0.85,3.75,2.45,30.8,3,25,2310,1047478.75,0.221016941,-0.000641039,-0.000641039
11-05-2017,11-05-2017,30-03-2017,11-05-2017 10:30,11-05-2017 10:30,11-05-2017 11:36,11-05-2017 15:07,22918.95,22900,22900,22900,23400,22400,42.1,54.9,36.1,55.65,0.1,0.05,0.2,0.1,-32.5,3,25,-2437.5,1045041.25,-0.232701618,-0.00355597,-0.00355597
12-05-2017,18-05-2017,31-03-2017,12-05-2017 10:30,12-05-2017 10:30,12-05-2017 15:20,12-05-2017 14:46,22777,22800,22800,22800,23300,22300,102.35,64.7,148.05,204.75,6.6,4.6,21,38.1,-3.95,3,25,-296.25,1044745,-0.028348163,-0.004382583,-0.004382583
15-05-2017,18-05-2017,01-04-2017,15-05-2017 10:30,15-05-2017 10:30,15-05-2017 15:20,15-05-2017 15:20,22833.3,22800,22800,22800,23300,22300,106,106.8,95.85,93.15,3.05,3.15,7.4,7.7,2.3,3,25,172.5,1044917.5,0.016511206,-0.000933232,-0.000933232
16-05-2017,18-05-2017,02-04-2017,16-05-2017 10:30,16-05-2017 10:30,16-05-2017 14:07,16-05-2017 15:20,22789.4,22800,22800,22800,23300,22300,84.8,111.55,103.4,39.65,1.9,3.55,7,4.85,36.5,3,25,2737.5,1047655,0.261982405,-0.002411649,-0.002411649
17-05-2017,18-05-2017,03-04-2017,17-05-2017 10:30,17-05-2017 10:30,17-05-2017 15:20,17-05-2017 13:04,22924.05,22900,22900,22900,23400,22400,80.8,81,71,94.4,1.1,0.75,3.5,2.15,-25.3,3,25,-1897.5,1045757.5,-0.181118784,-0.00064428,-0.00064428
18-05-2017,18-05-2017,04-04-2017,18-05-2017 10:30,18-05-2017 10:30,18-05-2017 12:58,18-05-2017 14:57,22755,22800,22800,22800,23300,22300,20.6,36,67.3,97.85,0.1,0.05,0.35,0.2,-46.15,3,25,-3461.25,1042296.25,-0.330980175,-0.005345202,-0.005345202
19-05-2017,25-05-2017,05-04-2017,19-05-2017 10:30,19-05-2017 10:30,19-05-2017 15:20,19-05-2017 11:33,22880.7,22900,22900,22900,23400,22400,118.35,81,138.9,183.35,7.4,4.9,21.95,40.35,8.8,3,25,660,1042956.25,0.063321728,-0.005401533,-0.005401533
22-05-2017,25-05-2017,06-04-2017,22-05-2017 10:30,22-05-2017 10:30,22-05-2017 15:20,22-05-2017 15:20,22786.65,22800,22800,22800,23300,22300,110.15,63.3,125.75,168.75,5.5,3.8,16.65,23.4,8.9,3,25,667.5,1043623.75,0.064000767,-0.00187446,-0.00187446
23-05-2017,25-05-2017,07-04-2017,23-05-2017 10:30,23-05-2017 10:30,23-05-2017 13:13,23-05-2017 15:20,22549.3,22500,22500,22500,23000,22000,128.35,170.5,91,92.2,9.05,16.5,9.35,6.3,-38.95,3,25,-2921.25,1040702.5,-0.279914097,-0.00647259,-0.00647259
24-05-2017,25-05-2017,08-04-2017,24-05-2017 10:30,24-05-2017 10:30,24-05-2017 15:20,24-05-2017 12:55,22605.55,22600,22600,22600,23100,22100,85.9,34,88.1,118.15,2.75,1.9,6.35,16.7,31.35,3,25,2351.25,1043053.75,0.22592912,-0.00365134,-0.00365134
25-05-2017,25-05-2017,09-04-2017,25-05-2017 10:30,25-05-2017 10:30,25-05-2017 13:07,25-05-2017 13:20,22695,22700,22700,22700,23200,22200,37.75,63,51.55,10.2,0.2,0.1,0.8,0.55,15.75,3,25,1181.25,1044235,0.113249197,-0.0423029,-0.0423029
26-05-2017,01-06-2017,10-04-2017,26-05-2017 10:30,26-05-2017 10:30,26-05-2017 15:20,26-05-2017 15:20,23114.2,23100,23100,23100,23600,22600,163,217.8,166.9,88.25,24.1,31,34,22.75,19.5,3,25,1462.5,1045697.5,0.140054681,-0.004409867,-0.004409867
29-05-2017,01-06-2017,11-04-2017,29-05-2017 10:30,29-05-2017 10:30,29-05-2017 15:03,29-05-2017 15:20,23160,23200,23200,23200,23700,22700,126.3,165.55,169.2,142.95,14.65,9.35,30.15,21.05,-27.4,3,25,-2055,1043642.5,-0.196519548,-0.002314198,-0.002314198
30-05-2017,01-06-2017,12-04-2017,30-05-2017 10:30,30-05-2017 10:30,30-05-2017 15:20,30-05-2017 15:20,23196.65,23200,23200,23200,23700,22700,124.9,140.25,121.6,87.85,9.25,8.6,15.85,11,12.9,3,25,967.5,1044610,0.092704159,-0.00080007,-0.00080007
31-05-2017,01-06-2017,13-04-2017,31-05-2017 10:30,31-05-2017 10:30,31-05-2017 15:20,31-05-2017 15:20,23243.95,23200,23200,23200,23700,22700,138,182.2,69.35,20.6,4.95,5.3,5.1,3.55,3.35,3,25,251.25,1044861.25,0.024052039,-0.004929959,-0.004929959
01-06-2017,01-06-2017,14-04-2017,01-06-2017 10:30,01-06-2017 10:30,01-06-2017 12:36,01-06-2017 12:31,23295.05,23300,23300,23300,23800,22800,79.5,15.55,33.6,44.15,0.25,0.15,0.85,2.75,55.2,3,25,4140,1049001.25,0.396224858,-0.002359101,-0.002359101
02-06-2017,08-06-2017,15-04-2017,02-06-2017 10:30,02-06-2017 10:30,02-06-2017 15:20,02-06-2017 15:20,23318.8,23300,23300,23300,23800,22800,175.35,178.75,118,97.65,21.5,18.5,13.3,8.75,9.4,3,25,705,1049706.25,0.067206784,-0.000428975,-0.000877019
05-06-2017,08-06-2017,16-04-2017,05-06-2017 10:30,05-06-2017 10:30,05-06-2017 15:20,05-06-2017 15:20,23381.05,23400,23400,23400,23900,22900,127.95,146.55,122.7,92.7,8.05,7.75,12.4,8.6,7.3,3,25,547.5,1050253.75,0.052157449,-0.000538239,-0.000557296
06-06-2017,08-06-2017,17-04-2017,06-06-2017 10:30,06-06-2017 10:30,06-06-2017 15:20,06-06-2017 15:20,23419.9,23400,23400,23400,23900,22900,144.85,140,95.8,90,7.95,6.95,10.35,9.95,9.25,3,25,693.75,1050947.5,0.066055465,-0.000766471,-0.000766471
07-06-2017,08-06-2017,18-04-2017,07-06-2017 10:30,07-06-2017 10:30,07-06-2017 15:19,07-06-2017 15:20,23490,23500,23500,23500,24000,23000,108.55,147.35,108,33.25,5.4,3.35,10.85,6,29.05,3,25,2178.75,1053126.25,0.207312925,-0.00831089,-0.00831089
08-06-2017,08-06-2017,19-04-2017,08-06-2017 10:30,08-06-2017 10:30,08-06-2017 14:40,08-06-2017 14:51,23599.75,23600,23600,23600,24100,23100,48.4,8.15,40.25,55.8,0.05,0.1,0.75,0.5,24.5,3,25,1837.5,1054963.75,0.174480505,-0.002639614,-0.002639614
09-06-2017,15-06-2017,20-04-2017,09-06-2017 10:30,09-06-2017 10:30,09-06-2017 15:08,09-06-2017 15:20,23515.1,23500,23500,23500,24000,23000,144.9,189.45,120.15,62.1,11,21.65,15,9.95,19.1,3,25,1432.5,1056396.25,0.135786656,-0.002327075,-0.002327075
12-06-2017,15-06-2017,21-04-2017,12-06-2017 10:30,12-06-2017 10:30,12-06-2017 15:20,12-06-2017 15:20,23540,23500,23500,23500,24000,23000,153.85,108.35,84.5,111,9.2,6.05,9.5,10.5,16.85,3,25,1263.75,1057660,0.119628406,-0.000520628,-0.000629495
13-06-2017,15-06-2017,22-04-2017,13-06-2017 10:30,13-06-2017 10:30,13-06-2017 15:20,13-06-2017 15:20,23521,23500,23500,23500,24000,23000,128.85,93.55,74.45,103.8,6.25,4.35,5.7,6.75,5.1,3,25,382.5,1058042.5,0.036164741,-6.62E-05,-0.00065711
14-06-2017,15-06-2017,23-04-2017,14-06-2017 10:30,14-06-2017 10:30,14-06-2017 15:20,14-06-2017 15:20,23399.45,23400,23400,23400,23900,22900,119,154.95,81,39,4.35,3,4.6,3.2,3.3,3,25,247.5,1058290,0.023392255,-0.002424258,-0.002424258
15-06-2017,15-06-2017,24-04-2017,15-06-2017 10:30,15-06-2017 10:30,15-06-2017 14:11,15-06-2017 11:54,23414.95,23400,23400,23400,23900,22900,51.25,8.85,33.25,45.65,0.15,0.1,0.7,0.45,29.7,3,25,2227.5,1060517.5,0.210481059,-0.003307121,-0.003307121
16-06-2017,22-06-2017,25-04-2017,16-06-2017 10:30,16-06-2017 10:30,16-06-2017 15:20,16-06-2017 15:20,23448.95,23400,23400,23400,23900,22900,151.05,154.65,87.9,75.55,9.55,8.75,9.55,8.55,6.95,3,25,521.25,1061038.75,0.049150533,-0.000796773,-0.000872209
19-06-2017,22-06-2017,26-04-2017,19-06-2017 10:30,19-06-2017 10:30,19-06-2017 13:47,19-06-2017 15:20,23541.05,23500,23500,23500,24000,23000,131,175,71.95,28,4.5,8.45,5.45,3.8,2.25,3,25,168.75,1061207.5,0.015904226,-0.011139945,-0.011139945
20-06-2017,22-06-2017,27-04-2017,20-06-2017 10:30,20-06-2017 10:30,20-06-2017 15:20,20-06-2017 15:20,23722.5,23700,23700,23700,24200,23200,116.5,92.35,76,73.15,5.2,3.45,5.55,3.65,23.35,3,25,1751.25,1062958.75,0.165024277,-0.000551257,-0.000551257
21-06-2017,22-06-2017,28-04-2017,21-06-2017 10:30,21-06-2017 10:30,21-06-2017 14:20,21-06-2017 15:20,23656.85,23700,23700,23700,24200,23200,55.05,82.5,86.5,51.6,1.05,0.7,2.9,2,6.2,3,25,465,1063423.75,0.043745818,-0.000983089,-0.000983089
22-06-2017,22-06-2017,29-04-2017,22-06-2017 10:30,22-06-2017 10:30,22-06-2017 10:48,22-06-2017 14:57,23797,23800,23800,23800,24300,23300,39.65,62.6,32,42.8,0.3,0.6,0.25,0.15,-33.55,3,25,-2516.25,1060907.5,-0.236617811,-0.004099788,-0.00424101
23-06-2017,29-06-2017,30-04-2017,23-06-2017 10:30,23-06-2017 10:30,23-06-2017 15:20,23-06-2017 15:20,23615.5,23600,23600,23600,24100,23100,141.45,96,116.35,152,12.45,9.9,18.3,21.05,10,3,25,750,1061657.5,0.070694193,-0.000999126,-0.000999126
27-06-2017,29-06-2017,01-05-2017,27-06-2017 10:30,27-06-2017 10:30,27-06-2017 15:20,27-06-2017 13:54,23369.35,23400,23400,23400,23900,22900,106.25,45.15,136.95,180.1,9.45,6.4,22.1,48.35,41.15,3,25,3086.25,1064743.75,0.290701097,-0.008100492,-0.008100492
28-06-2017,29-06-2017,02-05-2017,28-06-2017 10:30,28-06-2017 10:30,28-06-2017 15:20,28-06-2017 13:40,23208,23200,23200,23200,23700,22700,105.15,102.1,102.7,145.25,6.95,4.75,13,8.3,-46.4,3,25,-3480,1061263.75,-0.326839204,-0.000859323,-0.001483892
29-06-2017,29-06-2017,03-05-2017,29-06-2017 10:30,29-06-2017 10:30,29-06-2017 12:04,29-06-2017 12:51,23385.45,23400,23400,23400,23900,22900,54.4,71.65,66.75,100.05,1.05,0.7,1.8,1.2,-51.5,3,25,-3862.5,1057401.25,-0.363952882,-0.016065505,-0.016065505
30-06-2017,06-07-2017,04-05-2017,30-06-2017 10:30,30-06-2017 10:30,30-06-2017 15:20,30-06-2017 15:20,23107,23100,23100,23100,23600,22600,155.95,196.95,151.7,98.6,19,23.5,33.8,22.1,4.9,3,25,367.5,1057768.75,0.034755018,-0.001418556,-0.001423296
03-07-2017,06-07-2017,05-05-2017,03-07-2017 10:30,03-07-2017 10:30,03-07-2017 15:20,03-07-2017 15:20,23250,23200,23200,23200,23700,22700,153,201.75,108.5,79.6,13.15,13.5,17.15,12,-24.65,3,25,-1848.75,1055920,-0.174778277,-0.000732666,-0.001990029
04-07-2017,06-07-2017,06-05-2017,04-07-2017 10:30,04-07-2017 10:30,04-07-2017 15:20,04-07-2017 12:18,23292,23300,23300,23300,23800,22800,99.7,71.35,116.4,153.3,4.95,3.4,14,26.3,2.2,3,25,165,1056085,0.015626184,-0.00090914,-0.002296575
05-07-2017,06-07-2017,07-05-2017,05-07-2017 10:30,05-07-2017 10:30,05-07-2017 12:20,05-07-2017 15:20,23329,23300,23300,23300,23800,22800,84.4,113.65,78.9,34.95,2.05,1.4,4.7,3.15,12.5,3,25,937.5,1057022.5,0.088771264,-0.001893742,-0.001893742
06-07-2017,06-07-2017,08-05-2017,06-07-2017 10:30,06-07-2017 10:30,06-07-2017 11:04,06-07-2017 14:15,23495,23500,23500,23500,24000,23000,26.6,38.35,68.9,13.4,0.05,0.1,0.5,0.35,43.65,3,25,3273.75,1060296.25,0.309714315,-0.001253427,-0.001253427
07-07-2017,13-07-2017,09-05-2017,07-07-2017 10:30,07-07-2017 10:30,07-07-2017 15:20,07-07-2017 15:20,23446.05,23400,23400,23400,23900,22900,139.45,144.75,116.75,104.75,7.95,8.35,14.75,14.6,6.95,3,25,521.25,1060817.5,0.049160789,-0.000165047,-0.000853532
11-07-2017,13-07-2017,10-05-2017,11-07-2017 10:30,11-07-2017 10:30,11-07-2017 15:20,11-07-2017 15:20,23697,23700,23700,23700,24200,23200,87.85,45.6,104,137.25,3.6,2.45,6.9,7.4,8.35,3,25,626.25,1061443.75,0.05903466,-0.001578946,-0.001578946
12-07-2017,13-07-2017,11-05-2017,12-07-2017 10:30,12-07-2017 10:30,12-07-2017 15:17,12-07-2017 15:20,23577.8,23600,23600,23600,24100,23100,50.15,65.25,94.7,21.85,1.15,2.35,2.9,1.95,58,3,25,4350,1065793.75,0.409819173,-0.003156028,-0.003156028
13-07-2017,13-07-2017,12-05-2017,13-07-2017 10:30,13-07-2017 10:30,13-07-2017 14:30,13-07-2017 12:50,23904,23900,23900,23900,24400,23400,44.85,7.45,43.25,57.2,0.4,0.25,0.5,0.35,23.15,3,25,1736.25,1067530,0.162906754,-0.00102267,-0.00102267
14-07-2017,20-07-2017,13-05-2017,14-07-2017 10:30,14-07-2017 10:30,14-07-2017 12:05,14-07-2017 15:20,23826.15,23800,23800,23800,24300,23300,139.5,189.4,123,57.5,11.8,21.9,15.25,10.5,20.95,3,25,1571.25,1069101.25,0.147185559,-0.002206022,-0.002206022
17-07-2017,20-07-2017,14-05-2017,17-07-2017 10:30,17-07-2017 10:30,17-07-2017 15:20,17-07-2017 15:20,23976.45,24000,24000,24000,24500,23500,101.55,117.7,127,107,7.05,7.7,13.7,12.8,3.6,3,25,270,1069371.25,0.025254858,-0.000636043,-0.000729585
18-07-2017,20-07-2017,15-05-2017,18-07-2017 10:30,18-07-2017 10:30,18-07-2017 15:20,18-07-2017 15:20,24107.8,24100,24100,24100,24600,23600,101.1,69.2,102.7,121.15,4.85,3.2,13,9.05,7.85,3,25,588.75,1069960,0.055055716,-0.000649905,-0.000743419
19-07-2017,20-07-2017,16-05-2017,19-07-2017 10:30,19-07-2017 10:30,19-07-2017 14:52,19-07-2017 15:20,24142.55,24100,24100,24100,24600,23600,93.05,123.85,67.55,29.8,1.95,1.25,4.2,2.9,4.95,3,25,371.25,1070331.25,0.034697559,-0.001766389,-0.001766389
20-07-2017,20-07-2017,17-05-2017,20-07-2017 10:30,20-07-2017 10:30,20-07-2017 12:07,20-07-2017 12:26,24242.45,24200,24200,24200,24700,23700,56.6,77.7,26.05,40.3,0.25,0.15,0.3,0.2,-35.55,3,25,-2666.25,1067665,-0.249105125,-0.000457769,-0.001387419
21-07-2017,27-07-2017,18-05-2017,21-07-2017 10:30,21-07-2017 10:30,21-07-2017 15:20,21-07-2017 13:02,24234.95,24200,24200,24200,24700,23700,158.75,157.65,117.95,154.05,14.8,10.3,15.2,27.55,-27.15,3,25,-2036.25,1065628.75,-0.190719936,-0.000449572,-0.001119253
24-07-2017,27-07-2017,19-05-2017,24-07-2017 10:30,24-07-2017 10:30,24-07-2017 15:20,24-07-2017 15:20,24374,24400,24400,24400,24900,23900,103.05,102,119.6,126.95,5.35,5.85,15.7,16.4,-5.1,3,25,-382.5,1065246.25,-0.035894302,-0.001079173,-0.001079173
25-07-2017,27-07-2017,20-05-2017,25-07-2017 10:30,25-07-2017 10:30,25-07-2017 15:20,25-07-2017 15:20,24481,24500,24500,24500,25000,24000,99.15,112.3,105.1,77.3,5.95,5.3,11.75,10.05,12.3,3,25,922.5,1066168.75,0.086599695,-0.000450595,-0.000450595
26-07-2017,27-07-2017,21-05-2017,26-07-2017 10:30,26-07-2017 10:30,26-07-2017 14:57,26-07-2017 15:20,24548.45,24500,24500,24500,25000,24000,115.5,150.65,54.55,17.45,2.2,4.3,4.95,3.45,2.55,3,25,191.25,1066360,0.017938061,-0.007681603,-0.007681603
27-07-2017,27-07-2017,22-05-2017,27-07-2017 10:30,27-07-2017 10:30,27-07-2017 11:09,27-07-2017 13:55,24880.35,24900,24900,24900,25400,24400,53.45,71.3,52.3,7.7,1.25,2.35,1.75,1.2,27.3,3,25,2047.5,1068407.5,0.192008327,-0.000220356,-0.004083982
28-07-2017,03-08-2017,23-05-2017,28-07-2017 10:30,28-07-2017 10:30,28-07-2017 15:20,28-07-2017 15:20,24943.35,24900,24900,24900,25400,24400,152.4,146.4,134.7,176.15,20.65,14.25,25.95,22.65,-45.15,3,25,-3386.25,1065021.25,-0.316943676,-0.001843859,-0.001843859
31-07-2017,03-08-2017,24-05-2017,31-07-2017 10:30,31-07-2017 10:30,31-07-2017 12:30,31-07-2017 15:20,24983,25000,25000,25000,25500,24500,116.05,152,170,118.3,12.25,22.75,24.45,19,20.8,3,25,1560,1066581.25,0.146475951,-0.002572711,-0.002572711
01-08-2017,03-08-2017,25-05-2017,01-08-2017 10:30,01-08-2017 10:30,01-08-2017 15:20,01-08-2017 15:20,25185.1,25200,25200,25200,25700,24700,144.55,139.7,194,159,23.05,14.05,34.25,23.4,20,3,25,1500,1068081.25,0.140636262,-0.004622071,-0.005058029
02-08-2017,03-08-2017,26-05-2017,02-08-2017 10:30,02-08-2017 10:30,02-08-2017 15:20,02-08-2017 15:20,25212,25200,25200,25200,25700,24700,122.45,50.3,148.75,110.2,9.75,4.15,14.3,5.25,96.05,3,25,7203.75,1075285,0.674457116,-0.000978297,-0.005678125
03-08-2017,03-08-2017,27-05-2017,03-08-2017 10:30,03-08-2017 10:30,03-08-2017 13:22,03-08-2017 13:41,24877,24900,24900,24900,25400,24400,19.2,3.6,87.05,116.5,0.25,0.15,0.8,0.5,-14.25,3,25,-1068.75,1074216.25,-0.099392254,-0.012814766,-0.012814766
04-08-2017,10-08-2017,28-05-2017,04-08-2017 10:30,04-08-2017 10:30,04-08-2017 14:28,04-08-2017 15:20,24780,24800,24800,24800,25300,24300,110,143.95,153.7,77.05,11.2,20.4,27,18.45,43.35,3,25,3251.25,1077467.5,0.302662523,-0.001498751,-0.001568576
07-08-2017,10-08-2017,29-05-2017,07-08-2017 10:30,07-08-2017 10:30,07-08-2017 15:20,07-08-2017 15:20,25022.1,25000,25000,25000,25500,24500,110,100,129,128.5,12.8,10.05,14.95,13.8,6.6,3,25,495,1077962.5,0.045941061,-0.000621821,-0.000714635
08-08-2017,10-08-2017,30-05-2017,08-08-2017 10:30,08-08-2017 10:30,08-08-2017 13:31,08-08-2017 13:41,24706.95,24700,24700,24700,25200,24200,96.5,126.1,130,175.95,8.9,5.8,14.1,8.55,-84.2,3,25,-6315,1071647.5,-0.585827429,-0.000440632,-0.002694867
09-08-2017,10-08-2017,31-05-2017,09-08-2017 10:30,09-08-2017 10:30,09-08-2017 15:20,09-08-2017 14:25,24571.25,24600,24600,24600,25100,24100,58.4,11.6,136.25,181,2.3,1.6,12.25,8.45,-2.45,3,25,-183.75,1071463.75,-0.017146496,-0.006279812,-0.006279812
10-08-2017,10-08-2017,01-06-2017,10-08-2017 10:30,10-08-2017 10:30,10-08-2017 12:25,10-08-2017 13:36,24315.8,24300,24300,24300,24800,23800,33.25,48.4,86.8,117.5,0.4,0.25,1.05,0.7,-46.35,3,25,-3476.25,1067987.5,-0.324439348,-0.009780641,-0.009780641
11-08-2017,17-08-2017,02-06-2017,11-08-2017 10:30,11-08-2017 10:30,11-08-2017 14:10,11-08-2017 14:10,24154,24200,24200,24200,24700,23700,138.35,188.75,245.9,333,15.95,10.45,80.4,53,-170.4,3,25,-12780,1055207.5,-1.196643219,-0.001741571,-0.004255618
14-08-2017,17-08-2017,03-06-2017,14-08-2017 10:30,14-08-2017 10:30,14-08-2017 15:20,14-08-2017 15:20,24235.2,24200,24200,24200,24700,23700,141,117.6,152.5,150.5,9.15,5.75,31.7,30.9,21.2,3,25,1590,1056797.5,0.150681264,-0.000156364,-0.000734448
16-08-2017,17-08-2017,04-06-2017,16-08-2017 10:30,16-08-2017 10:30,16-08-2017 12:27,16-08-2017 13:29,24024.2,24000,24000,24000,24500,23500,79.1,104.75,112.35,19.9,2.5,4.5,8.8,5.85,65.85,3,25,4938.75,1061736.25,0.467331726,-0.026006277,-0.026006277
17-08-2017,17-08-2017,05-06-2017,17-08-2017 10:30,17-08-2017 10:30,17-08-2017 13:29,17-08-2017 11:09,24422.1,24400,24400,24400,24900,23900,60.25,11,55.3,72.8,0.35,0.2,0.8,2.15,32.95,3,25,2471.25,1064207.5,0.232755545,-0.011875853,-0.011875853
18-08-2017,24-08-2017,06-06-2017,18-08-2017 10:30,18-08-2017 10:30,18-08-2017 15:20,18-08-2017 15:20,24047.2,24000,24000,24000,24500,23500,214.15,247.3,189,150.45,40,47.65,61.1,41.2,-6.85,3,25,-513.75,1063693.75,-0.04827536,-0.001841734,-0.001841734
21-08-2017,24-08-2017,07-06-2017,21-08-2017 10:30,21-08-2017 10:30,21-08-2017 15:20,21-08-2017 14:29,24193.5,24200,24200,24200,24700,23700,150,61,165.3,218,17.5,11.9,33.4,62.95,60.25,3,25,4518.75,1068212.5,0.424816823,-0.003290393,-0.003290393
22-08-2017,24-08-2017,08-06-2017,22-08-2017 10:30,22-08-2017 10:30,22-08-2017 12:36,22-08-2017 15:20,23926.05,23900,23900,23900,24400,23400,158.1,205.55,153.7,76.8,18.35,33.1,29.5,20.6,35.3,3,25,2647.5,1070860,0.247843945,-0.001357385,-0.002672679
23-08-2017,24-08-2017,09-06-2017,23-08-2017 10:30,23-08-2017 10:30,23-08-2017 14:27,23-08-2017 15:20,24176.1,24200,24200,24200,24700,23700,84,112.85,123.95,30.6,2.4,1.65,13.25,8.85,59.35,3,25,4451.25,1075311.25,0.415670583,-0.004883784,-0.004883784
24-08-2017,24-08-2017,10-06-2017,24-08-2017 10:30,24-08-2017 10:30,24-08-2017 12:46,24-08-2017 14:55,24280,24300,24300,24300,24800,23800,40.3,55,70.45,14,0.2,0.1,1.35,0.9,41.2,3,25,3090,1078401.25,0.28735866,-0.000144131,-0.002613032
28-08-2017,31-08-2017,11-06-2017,28-08-2017 10:30,28-08-2017 10:30,28-08-2017 15:20,28-08-2017 15:20,24410.6,24400,24400,24400,24900,23900,150.25,132.95,143.25,142.55,16.7,11.6,24.6,25.5,13.8,3,25,1035,1079436.25,0.095975408,-0.000231821,-0.000816018
29-08-2017,31-08-2017,12-06-2017,29-08-2017 10:30,29-08-2017 10:30,29-08-2017 15:20,29-08-2017 14:01,24200.4,24200,24200,24200,24700,23700,138.65,83.1,134.7,182.05,11.55,8,23.4,15.75,-3,3,25,-225,1079211.25,-0.020844214,-0.0006809,-0.001158
30-08-2017,31-08-2017,13-06-2017,30-08-2017 10:30,30-08-2017 10:30,30-08-2017 14:59,30-08-2017 15:20,24302.55,24300,24300,24300,24800,23800,97.15,130.8,86.85,73.95,3.5,2.4,6.55,5.4,-23,3,25,-1725,1077486.25,-0.159838956,-0.000185315,-0.000972927
31-08-2017,31-08-2017,14-06-2017,31-08-2017 10:30,31-08-2017 10:30,31-08-2017 12:36,31-08-2017 14:32,24238,24200,24200,24200,24700,23700,79,105.65,40.5,7,0.6,0.4,1,0.7,6.35,3,25,476.25,1077962.5,0.0442001,-0.0037354,-0.0037354
01-09-2017,07-09-2017,15-06-2017,01-09-2017 10:30,01-09-2017 10:30,01-09-2017 15:20,01-09-2017 15:20,24468.5,24500,24500,24500,25000,24000,114.6,108.2,186.85,174,9.25,7.45,34.5,29,11.95,3,25,896.25,1078858.75,0.083142966,-0.000180894,-0.000602982
04-09-2017,07-09-2017,16-06-2017,04-09-2017 10:30,04-09-2017 10:30,04-09-2017 15:20,04-09-2017 12:00,24379,24400,24400,24400,24900,23900,102.25,65.8,166.5,221.2,5.85,4.05,23.45,42.35,-1.15,3,25,-86.25,1078772.5,-0.007994559,-0.005983047,-0.005983047
05-09-2017,07-09-2017,17-06-2017,05-09-2017 10:30,05-09-2017 10:30,05-09-2017 15:20,05-09-2017 15:20,24408.25,24400,24400,24400,24900,23900,93,76,130.95,118.95,2.9,2,16.95,11.85,23,3,25,1725,1080497.5,0.159903965,-0.000199296,-0.001154084
06-09-2017,07-09-2017,18-06-2017,06-09-2017 10:30,06-09-2017 10:30,06-09-2017 13:29,06-09-2017 15:20,24232,24200,24200,24200,24700,23700,73.8,97,92.4,37.55,1.1,2.1,4.4,3,31.25,3,25,2343.75,1082841.25,0.216913968,-0.000305408,-0.001207755
07-09-2017,07-09-2017,19-06-2017,07-09-2017 10:30,07-09-2017 10:30,07-09-2017 14:33,07-09-2017 12:29,24422,24400,24400,24400,24900,23900,29.55,5.8,47.2,69.5,0.15,0.1,0.3,0.2,1.3,3,25,97.5,1082938.75,0.00900409,-0.003670781,-0.003670781
08-09-2017,14-09-2017,20-06-2017,08-09-2017 10:30,08-09-2017 10:30,08-09-2017 15:20,08-09-2017 15:20,24383.9,24400,24400,24400,24900,23900,110.5,105.7,159.2,212,6.65,4.65,26.45,31.4,-45.05,3,25,-3378.75,1079560,-0.311998255,-0.000771043,-0.001962247
11-09-2017,14-09-2017,21-06-2017,11-09-2017 10:30,11-09-2017 10:30,11-09-2017 11:21,11-09-2017 15:20,24489.4,24500,24500,24500,25000,24000,95.1,123.9,133.4,61.95,4,7.25,14.3,9.95,41.55,3,25,3116.25,1082676.25,0.288659269,-0.004798223,-0.004798223
12-09-2017,14-09-2017,22-06-2017,12-09-2017 10:30,12-09-2017 10:30,12-09-2017 15:20,12-09-2017 15:20,24755.4,24800,24800,24800,25300,24300,70.2,71.35,136.2,108.85,2.7,1.8,9.8,6.85,22.35,3,25,1676.25,1084352.5,0.154824676,-0.000378683,-0.000452573
13-09-2017,14-09-2017,23-06-2017,13-09-2017 10:30,13-09-2017 10:30,13-09-2017 14:28,13-09-2017 15:20,24855.05,24900,24900,24900,25400,24400,51.65,68.05,105.3,118.75,0.9,0.6,4.85,3.2,-31.8,3,25,-2385,1081967.5,-0.219946927,-0.002729659,-0.002729659
14-09-2017,14-09-2017,24-06-2017,14-09-2017 10:30,14-09-2017 10:30,14-09-2017 15:11,14-09-2017 12:35,24947.7,24900,24900,24900,25400,24400,53.8,6.95,24.6,32.5,0.2,0.1,0.3,0.2,38.75,3,25,2906.25,1084873.75,0.268607883,-0.000831765,-0.001229178
15-09-2017,21-09-2017,25-06-2017,15-09-2017 10:30,15-09-2017 10:30,15-09-2017 15:20,15-09-2017 15:20,24857.2,24900,24900,24900,25400,24400,113.3,107,169.7,165,10.3,8.5,28.7,20,0.5,3,25,37.5,1084911.25,0.003456623,-0.000557663,-0.000765066
18-09-2017,21-09-2017,26-06-2017,18-09-2017 10:30,18-09-2017 10:30,18-09-2017 15:20,18-09-2017 15:20,25053,25100,25100,25100,25600,24600,95.8,89.5,140.35,125.95,5.35,4.35,13.55,13.4,19.55,3,25,1466.25,1086377.5,0.135149304,-0.000433206,-0.000433206
19-09-2017,21-09-2017,27-06-2017,19-09-2017 10:30,19-09-2017 10:30,19-09-2017 15:20,19-09-2017 15:20,25015.45,25000,25000,25000,25500,24500,106.25,139.5,88.65,68.2,4.25,3.8,7.55,5.2,-15.6,3,25,-1170,1085207.5,-0.10769737,-0.001334703,-0.001334703
20-09-2017,21-09-2017,28-06-2017,20-09-2017 10:30,20-09-2017 10:30,20-09-2017 15:20,20-09-2017 15:20,25043,25000,25000,25000,25500,24500,97.9,76.5,57.7,66.45,1.9,1.3,3,3.35,12.4,3,25,930,1086137.5,0.085697896,-0.000658851,-0.000658851
21-09-2017,21-09-2017,29-06-2017,21-09-2017 10:30,21-09-2017 10:30,21-09-2017 15:02,21-09-2017 11:05,24825.85,24800,24800,24800,25300,24300,43.5,8.65,43.15,59.25,0.3,0.2,0.7,0.45,18.4,3,25,1380,1087517.5,0.127055736,-0.000110475,-0.000833227
22-09-2017,28-09-2017,30-06-2017,22-09-2017 10:30,22-09-2017 10:30,22-09-2017 15:20,22-09-2017 15:20,24542.35,24500,24500,24500,25000,24000,195.5,132.8,150.65,202.95,22.8,15.85,44.65,73.6,32.4,3,25,2430,1089947.5,0.22344468,-0.000556309,-0.000556309
25-09-2017,28-09-2017,01-07-2017,25-09-2017 10:30,25-09-2017 10:30,25-09-2017 15:20,25-09-2017 15:20,24134.4,24100,24100,24100,24600,23600,171,189.95,147.4,102.8,16.85,17.7,34.9,24.25,15.85,3,25,1188.75,1091136.25,0.109064886,-0.001513802,-0.001513802
26-09-2017,28-09-2017,02-07-2017,26-09-2017 10:30,26-09-2017 10:30,26-09-2017 13:37,26-09-2017 13:31,24138.95,24100,24100,24100,24600,23600,139.05,193.3,99.3,131.7,9.55,17.45,12.95,8.95,-82.75,3,25,-6206.25,1084930,-0.568787812,-0.003445912,-0.003445912
27-09-2017,28-09-2017,03-07-2017,27-09-2017 10:30,27-09-2017 10:30,27-09-2017 15:05,27-09-2017 11:21,24072.9,24100,24100,24100,24600,23600,88.1,16,119.95,159.8,4.7,3.2,13,8.8,26.55,3,25,1991.25,1086921.25,0.183537187,-0.012922016,-0.012922016
28-09-2017,28-09-2017,04-07-2017,28-09-2017 10:30,28-09-2017 10:30,28-09-2017 12:57,28-09-2017 11:30,23868.6,23900,23900,23900,24400,23400,39,7.6,73.7,115,0.9,0.6,2.8,1.85,-11.15,3,25,-836.25,1086085,-0.076937497,-0.004627396,-0.015313756
29-09-2017,05-10-2017,05-07-2017,29-09-2017 10:30,29-09-2017 10:30,29-09-2017 15:20,29-09-2017 15:20,24202.05,24200,24200,24200,24700,23700,137,83.4,170.05,225.05,15,10.2,38.3,48.55,4.05,3,25,303.75,1086388.75,0.027967424,-0.002536621,-0.002536621
03-10-2017,05-10-2017,06-07-2017,03-10-2017 10:30,03-10-2017 10:30,03-10-2017 15:20,03-10-2017 15:20,24081.95,24100,24100,24100,24600,23600,138.9,132.3,189.05,154.25,15.2,9.65,35.3,23.4,23.95,3,25,1796.25,1088185,0.165341366,-0.000331365,-0.001159786
04-10-2017,05-10-2017,07-07-2017,04-10-2017 10:30,04-10-2017 10:30,04-10-2017 15:20,04-10-2017 15:20,24163.05,24200,24200,24200,24700,23700,91.9,29.6,154,142.1,4.05,2.8,15.9,8.5,65.55,3,25,4916.25,1093101.25,0.451784393,-0.003202356,-0.003202356
05-10-2017,05-10-2017,08-07-2017,05-10-2017 10:30,05-10-2017 10:30,05-10-2017 13:27,05-10-2017 12:29,24176.55,24200,24200,24200,24700,23700,22.75,4.3,72,103.5,0.15,0.1,0.65,0.45,-13.3,3,25,-997.5,1092103.75,-0.091254127,-0.003700469,-0.004313416
06-10-2017,12-10-2017,09-07-2017,06-10-2017 10:30,06-10-2017 10:30,06-10-2017 15:20,06-10-2017 15:20,24245,24200,24200,24200,24700,23700,142.75,128.2,126,123.95,10.25,9.45,16.85,13.8,12.75,3,25,956.25,1093060,0.087560362,-0.000792039,-0.000792039
09-10-2017,12-10-2017,10-07-2017,09-10-2017 10:30,09-10-2017 10:30,09-10-2017 15:20,09-10-2017 15:20,24322.5,24300,24300,24300,24800,23800,111.95,96,115.15,150.05,5.15,3.5,10.55,11.65,-19.5,3,25,-1462.5,1091597.5,-0.133798694,-0.00027903,-0.000699868
10-10-2017,12-10-2017,11-07-2017,10-10-2017 10:30,10-10-2017 10:30,10-10-2017 15:20,10-10-2017 15:20,24332,24300,24300,24300,24800,23800,100.6,108.7,89.75,66.25,2.6,1.8,6.25,4.8,13.15,3,25,986.25,1092583.75,0.090349236,-0.00060461,-0.000613778
11-10-2017,12-10-2017,12-07-2017,11-10-2017 10:30,11-10-2017 10:30,11-10-2017 13:55,11-10-2017 13:29,24462.85,24500,24500,24500,25000,24000,41.05,8.2,101.5,158.8,0.7,0.45,3,5.9,-21.8,3,25,-1635,1090948.75,-0.149645279,-0.025690346,-0.025690346
12-10-2017,12-10-2017,13-07-2017,12-10-2017 10:30,12-10-2017 10:30,12-10-2017 12:15,12-10-2017 14:17,24120,24100,24100,24100,24600,23600,38.1,49.6,49.85,7.35,0.05,0.1,0.5,0.35,30.9,3,25,2317.5,1093266.25,0.212429777,-0.0165951,-0.0165951
13-10-2017,18-10-2017,14-07-2017,13-10-2017 10:30,13-10-2017 10:30,13-10-2017 10:51,13-10-2017 15:20,24552,24600,24600,24600,25100,24100,98.1,131.3,166.35,86.5,8.45,17.6,28.85,18.4,45.35,3,25,3401.25,1096667.5,0.311109028,-0.004811247,-0.004811247
16-10-2017,18-10-2017,15-07-2017,16-10-2017 10:30,16-10-2017 10:30,16-10-2017 15:20,16-10-2017 10:49,24759.6,24800,24800,24800,25300,24300,100.5,82.65,145.1,221.95,9.15,6.35,17.4,36.95,-42.25,3,25,-3168.75,1093498.75,-0.288943549,-0.00056078,-0.007655001
17-10-2017,18-10-2017,16-07-2017,17-10-2017 10:30,17-10-2017 10:30,17-10-2017 12:17,17-10-2017 13:43,24735.1,24700,24700,24700,25200,24200,111,145.15,83.3,110.25,6.35,4.4,11.25,7.6,-66.7,3,25,-5002.5,1088496.25,-0.457476517,-0.0021582,-0.0021582
18-10-2017,18-10-2017,17-07-2017,18-10-2017 10:30,18-10-2017 10:30,18-10-2017 14:26,18-10-2017 11:05,24375,24400,24400,24400,24900,23900,41.2,8,82.55,117.55,0.4,0.25,0.75,0.5,-2.2,3,25,-165,1088331.25,-0.015158527,-0.00339899,-0.00339899
23-10-2017,26-10-2017,18-07-2017,23-10-2017 10:30,23-10-2017 10:30,23-10-2017 15:20,23-10-2017 15:20,24049.95,24000,24000,24000,24500,23500,197.35,223.65,152.55,116.6,31.3,32.9,35.25,24.65,0.65,3,25,48.75,1088380,0.004479335,-0.001405809,-0.001405809
24-10-2017,26-10-2017,19-07-2017,24-10-2017 10:30,24-10-2017 10:30,24-10-2017 15:20,24-10-2017 15:20,24252,24300,24300,24300,24800,23800,114.05,104.55,158.7,212,10.75,7.4,26.6,24.05,-49.7,3,25,-3727.5,1084652.5,-0.342481486,-0.00091879,-0.001676795
25-10-2017,26-10-2017,20-07-2017,25-10-2017 10:30,25-10-2017 10:30,25-10-2017 11:48,25-10-2017 13:16,24662.95,24700,24700,24700,25200,24200,98.3,130.2,139.25,27.5,6.05,11.2,12.7,8.6,80.9,3,25,6067.5,1090720,0.559395751,-0.016363786,-0.016363786
26-10-2017,26-10-2017,21-07-2017,26-10-2017 10:30,26-10-2017 10:30,26-10-2017 11:44,26-10-2017 13:39,24926.25,24900,24900,24900,25400,24400,104,142.65,74.75,14.45,5.6,10.8,3.7,2.4,25.55,3,25,1916.25,1092636.25,0.175686702,-0.000110014,-0.006055366
27-10-2017,02-11-2017,22-07-2017,27-10-2017 10:30,27-10-2017 10:30,27-10-2017 15:20,27-10-2017 15:20,25012.1,25000,25000,25000,25500,24500,178.55,148,216.65,208.35,40.95,27,50.5,53.7,28.1,3,25,2107.5,1094743.75,0.192882123,-0.001354477,-0.001354477
30-10-2017,02-11-2017,23-07-2017,30-10-2017 10:30,30-10-2017 10:30,30-10-2017 15:20,30-10-2017 15:20,25060.3,25100,25100,25100,25600,24600,121.85,117.1,204.5,198.1,14.9,13.6,44.5,41.45,6.8,3,25,510,1095253.75,0.046586244,-0.000890608,-0.001393006
31-10-2017,02-11-2017,24-07-2017,31-10-2017 10:30,31-10-2017 10:30,31-10-2017 15:20,31-10-2017 15:20,25036.95,25000,25000,25000,25500,24500,133.15,135,146.1,128.1,13.85,13.75,26.5,19.8,9.35,3,25,701.25,1095955,0.064026259,-0.000109563,-0.000671077
01-11-2017,02-11-2017,25-07-2017,01-11-2017 10:30,01-11-2017 10:30,01-11-2017 14:20,01-11-2017 15:20,25465.2,25500,25500,25500,26000,25000,79.1,107.75,143.95,82.95,4.75,3.1,14.05,9.75,26.4,3,25,1980,1097935,0.180664352,-0.000707125,-0.000707125
02-11-2017,02-11-2017,26-07-2017,02-11-2017 10:30,02-11-2017 10:30,02-11-2017 11:35,02-11-2017 12:02,25541.05,25500,25500,25500,26000,25000,57.65,75.5,46.4,62.35,0.35,0.2,0.5,0.35,-34.1,3,25,-2557.5,1095377.5,-0.232937287,-0.002563764,-0.002764144
03-11-2017,09-11-2017,27-07-2017,03-11-2017 10:30,03-11-2017 10:30,03-11-2017 13:48,03-11-2017 15:20,25480.45,25500,25500,25500,26000,25000,143.2,190.65,189,109.05,20.9,38.35,42.8,29.4,36.55,3,25,2741.25,1098118.75,0.25025619,-0.002437489,-0.002437489
06-11-2017,09-11-2017,28-07-2017,06-11-2017 10:30,06-11-2017 10:30,06-11-2017 15:20,06-11-2017 15:20,25607,25600,25600,25600,26100,25100,147.85,192.5,164.95,151.3,19.85,16.15,34.4,24,-45.1,3,25,-3382.5,1094736.25,-0.308026796,-0.00086511,-0.001347757
07-11-2017,09-11-2017,29-07-2017,07-11-2017 10:30,07-11-2017 10:30,07-11-2017 15:20,07-11-2017 14:12,25497.1,25500,25500,25500,26000,25000,133.85,74.45,166.35,216.9,15.35,10.7,34.65,22.7,-7.75,3,25,-581.25,1094155,-0.053094981,-0.002498283,-0.002498283
08-11-2017,09-11-2017,30-07-2017,08-11-2017 10:30,08-11-2017 10:30,08-11-2017 11:33,08-11-2017 14:45,25364.95,25400,25400,25400,25900,24900,68.15,88.85,153.1,200.45,4.05,7.35,16.05,10.4,-70.4,3,25,-5280,1088875,-0.482564171,-0.005424105,-0.005424105
09-11-2017,09-11-2017,31-07-2017,09-11-2017 10:30,09-11-2017 10:30,09-11-2017 12:55,09-11-2017 11:02,25410,25400,25400,25400,25900,24900,27.75,5.3,91.1,119.75,0.1,0.05,1.2,2.3,-5.15,3,25,-386.25,1088488.75,-0.035472391,-0.007493973,-0.007493973
10-11-2017,16-11-2017,01-08-2017,10-11-2017 10:30,10-11-2017 10:30,10-11-2017 13:48,10-11-2017 15:20,25401.45,25400,25400,25400,25900,24900,153.15,203.4,193.15,124.45,23.75,44.95,47.2,32.05,24.5,3,25,1837.5,1090326.25,0.168812034,-0.001497473,-0.002847964
13-11-2017,16-11-2017,02-08-2017,13-11-2017 10:30,13-11-2017 10:30,13-11-2017 15:20,13-11-2017 15:20,25546.2,25500,25500,25500,26000,25000,153.6,111.15,148.9,195,16.6,11.4,30.55,36.65,-2.75,3,25,-206.25,1090120,-0.018916356,-0.001609597,-0.001609597
14-11-2017,16-11-2017,03-08-2017,14-11-2017 10:30,14-11-2017 10:30,14-11-2017 14:35,14-11-2017 15:20,25412.1,25400,25400,25400,25900,24900,111.85,146.55,150.2,150,8.75,5.6,18.6,11.35,-44.9,3,25,-3367.5,1086752.5,-0.308910946,-0.000986111,-0.001366817
15-11-2017,16-11-2017,04-08-2017,15-11-2017 10:30,15-11-2017 10:30,15-11-2017 15:20,15-11-2017 15:20,25374.9,25400,25400,25400,25900,24900,57.4,23.05,152.7,203.5,1.95,1.35,9.7,9,-17.75,3,25,-1331.25,1085421.25,-0.122497993,-0.004485742,-0.004485742
16-11-2017,16-11-2017,05-08-2017,16-11-2017 10:30,16-11-2017 10:30,16-11-2017 12:38,16-11-2017 13:44,25410.1,25400,25400,25400,25900,24900,25.95,34.5,74,21.4,0.05,0.1,0.35,0.2,43.95,3,25,3296.25,1088717.5,0.303683938,-0.001501622,-0.001501622
17-11-2017,23-11-2017,06-08-2017,17-11-2017 10:30,17-11-2017 10:30,17-11-2017 15:20,17-11-2017 15:20,25920,25900,25900,25900,26400,25400,174.2,108.1,180.3,213.05,36.2,25.25,31,31.95,23.35,3,25,1751.25,1090468.75,0.1608544,-0.000638357,-0.002755528
20-11-2017,23-11-2017,07-08-2017,20-11-2017 10:30,20-11-2017 10:30,20-11-2017 15:20,20-11-2017 15:20,25787.7,25800,25800,25800,26300,25300,114.55,130.65,159.5,127,11.6,13.55,19.2,12.95,12.1,3,25,907.5,1091376.25,0.083221092,-0.000674014,-0.000674014
21-11-2017,23-11-2017,08-08-2017,21-11-2017 10:30,21-11-2017 10:30,21-11-2017 15:20,21-11-2017 15:20,25901,25900,25900,25900,26400,25400,99.05,61.35,127.75,169.65,5.85,4,10.1,13.85,-2.3,3,25,-172.5,1091203.75,-0.015805732,-0.002336465,-0.002336465
22-11-2017,23-11-2017,09-08-2017,22-11-2017 10:30,22-11-2017 10:30,22-11-2017 15:20,22-11-2017 15:20,25739.1,25700,25700,25700,26200,25200,95.75,126.45,91.75,47,3.45,2.8,4.8,3.3,11.9,3,25,892.5,1092096.25,0.081790408,-0.000252007,-0.00124631
23-11-2017,23-11-2017,10-08-2017,23-11-2017 10:30,23-11-2017 10:30,23-11-2017 13:14,23-11-2017 12:22,25775.7,25800,25800,25800,26300,25300,22.5,3.95,65.95,87,0.05,0.1,0.3,0.2,-2.55,3,25,-191.25,1091905,-0.017512193,-0.00430353,-0.008520248
24-11-2017,30-11-2017,11-08-2017,24-11-2017 10:30,24-11-2017 10:30,24-11-2017 15:20,24-11-2017 15:20,25845,25800,25800,25800,26300,25300,173.9,173,131.45,126.45,24.05,27,26.05,23.05,5.85,3,25,438.75,1092343.75,0.040182067,-0.000746396,-0.000824246
27-11-2017,30-11-2017,12-08-2017,27-11-2017 10:30,27-11-2017 10:30,27-11-2017 15:01,27-11-2017 15:20,25766.05,25800,25800,25800,26300,25300,112,171.8,140,58.85,8.05,15.75,17.65,11.75,23.15,3,25,1736.25,1094080,0.158947218,-0.003158319,-0.003158319
28-11-2017,30-11-2017,13-08-2017,28-11-2017 10:30,28-11-2017 10:30,28-11-2017 15:20,28-11-2017 15:20,25959.3,26000,26000,26000,26500,25500,93,47.65,124,161.7,5.45,3.65,14.55,19.2,10.5,3,25,787.5,1094867.5,0.071978283,-0.002805985,-0.002805985
29-11-2017,30-11-2017,14-08-2017,29-11-2017 10:30,29-11-2017 10:30,29-11-2017 15:20,29-11-2017 15:20,25839.9,25800,25800,25800,26300,25300,110.8,82.1,74.75,62.05,4.1,2.8,5.7,3.8,38.2,3,25,2865,1097732.5,0.2616755,-0.000168964,-0.000826571
30-11-2017,30-11-2017,15-08-2017,30-11-2017 10:30,30-11-2017 10:30,30-11-2017 11:03,30-11-2017 12:21,25561.15,25600,25600,25600,26100,25100,41.3,54.2,75.7,99.5,0.3,0.2,0.6,0.4,-37,3,25,-2775,1094957.5,-0.252793827,-0.021798472,-0.021798472
01-12-2017,07-12-2017,16-08-2017,01-12-2017 10:30,01-12-2017 10:30,01-12-2017 15:20,01-12-2017 14:31,25470,25500,25500,25500,26000,25000,127.95,61.6,207.85,275,18.3,12.45,47,88.95,35.3,3,25,2647.5,1097605,0.241790206,-0.005429359,-0.005429359
04-12-2017,07-12-2017,17-08-2017,04-12-2017 10:30,04-12-2017 10:30,04-12-2017 15:20,04-12-2017 15:20,25259.05,25300,25300,25300,25800,24800,119.95,79.7,223.8,308.6,14.5,8.95,52.5,59.65,-42.95,3,25,-3221.25,1094383.75,-0.293479895,-0.002942754,-0.002942754
05-12-2017,07-12-2017,18-08-2017,05-12-2017 10:30,05-12-2017 10:30,05-12-2017 14:01,05-12-2017 13:51,25097,25100,25100,25100,25600,24600,112.4,152.35,187.2,244.8,12.8,8.75,32.7,22.15,-112.15,3,25,-8411.25,1085972.5,-0.768583232,-0.000365494,-0.001375178
06-12-2017,07-12-2017,19-08-2017,06-12-2017 10:30,06-12-2017 10:30,06-12-2017 15:04,06-12-2017 14:35,25121.1,25100,25100,25100,25600,24600,89,15.05,140.4,199.8,6.25,3.25,14.25,8.9,6.2,3,25,465,1086437.5,0.042818764,-0.007693402,-0.007693402
07-12-2017,07-12-2017,20-08-2017,07-12-2017 10:30,07-12-2017 10:30,07-12-2017 10:40,07-12-2017 14:01,25038.15,25000,25000,25000,25500,24500,33.35,44.15,68.35,13.1,0.15,0.3,0.55,0.35,44.4,3,25,3330,1089767.5,0.306506357,-0.003156884,-0.003156884
08-12-2017,14-12-2017,21-08-2017,08-12-2017 10:30,08-12-2017 10:30,08-12-2017 15:20,08-12-2017 15:20,25320,25300,25300,25300,25800,24800,136.55,148.85,162.15,125.7,16.1,17.2,28.45,19.1,15.9,3,25,1192.5,1090960,0.109427011,-6.42E-05,-0.00058728
11-12-2017,14-12-2017,22-08-2017,11-12-2017 10:30,11-12-2017 10:30,11-12-2017 15:20,11-12-2017 15:20,25451,25500,25500,25500,26000,25000,83.9,72.4,164.85,216.7,6.85,4.4,19.55,20,-42.35,3,25,-3176.25,1087783.75,-0.291142663,-0.002534447,-0.002534447
12-12-2017,14-12-2017,23-08-2017,12-12-2017 10:30,12-12-2017 10:30,12-12-2017 15:20,12-12-2017 15:20,25220.2,25200,25200,25200,25700,24700,102.95,78.5,113.35,137,6.8,4.7,12.15,13,-0.45,3,25,-33.75,1087750,-0.003102639,-0.000813575,-0.000813575
13-12-2017,14-12-2017,24-08-2017,13-12-2017 10:30,13-12-2017 10:30,13-12-2017 11:02,13-12-2017 14:07,25097.95,25100,25100,25100,25600,24600,72,100.65,111.35,145.15,2.7,5,7.45,5,-62.6,3,25,-4695,1083055,-0.431624914,-0.005299834,-0.005299834
14-12-2017,14-12-2017,25-08-2017,14-12-2017 10:30,14-12-2017 10:30,14-12-2017 13:28,14-12-2017 11:24,25048,25000,25000,25000,25500,24500,59.45,80.35,67.75,88.2,0.5,0.35,0.75,1.45,-40.8,3,25,-3060,1079995,-0.282534128,-0.007501511,-0.007501511
15-12-2017,21-12-2017,26-08-2017,15-12-2017 10:30,15-12-2017 10:30,15-12-2017 15:20,15-12-2017 15:20,25493,25500,25500,25500,26000,25000,208.4,218,241.95,236,53.25,58.7,79.85,83.15,5.1,3,25,382.5,1080377.5,0.035416831,-0.001268517,-0.001268517
18-12-2017,21-12-2017,27-08-2017,18-12-2017 10:30,18-12-2017 10:30,18-12-2017 15:20,18-12-2017 15:20,25647.45,25600,25600,25600,26100,25100,194.2,142.1,170.4,183.05,44.75,30.9,44.3,29.55,10.85,3,25,813.75,1081191.25,0.075320895,-0.0005137,-0.001013521
19-12-2017,21-12-2017,28-08-2017,19-12-2017 10:30,19-12-2017 10:30,19-12-2017 15:20,19-12-2017 15:20,25645.25,25600,25600,25600,26100,25100,139.55,163,123.35,79.45,11.5,12.9,18.75,12.9,16,3,25,1200,1082391.25,0.11098869,-0.001341094,-0.001341094
20-12-2017,21-12-2017,29-08-2017,20-12-2017 10:30,20-12-2017 10:30,20-12-2017 11:11,20-12-2017 15:20,25675.3,25700,25700,25700,26200,25200,69.6,90.75,118.75,128.95,2.55,5,6.1,4.2,-30.8,3,25,-2310,1080081.25,-0.213416359,-0.00169989,-0.00169989
21-12-2017,21-12-2017,30-08-2017,21-12-2017 10:30,21-12-2017 10:30,21-12-2017 12:40,21-12-2017 15:20,25573.85,25600,25600,25600,26100,25100,23.7,36.75,91,29.05,0.2,0.1,0.45,0.3,48.65,3,25,3648.75,1083730,0.337821807,-0.000268477,-0.001708098
22-12-2017,28-12-2017,31-08-2017,22-12-2017 10:30,22-12-2017 10:30,22-12-2017 15:20,22-12-2017 15:20,25640.05,25600,25600,25600,26100,25100,160.05,173.1,125.9,99.75,14.4,13.85,21.25,15.2,6.5,3,25,487.5,1084217.5,0.044983529,-0.000387547,-0.00141179
26-12-2017,28-12-2017,01-09-2017,26-12-2017 10:30,26-12-2017 10:30,26-12-2017 15:20,26-12-2017 15:20,25611,25600,25600,25600,26100,25100,115.55,139.6,101.5,65.3,5.75,6,10.35,7.1,9.15,3,25,686.25,1084903.75,0.063294496,-0.00092231,-0.00092231
27-12-2017,28-12-2017,02-09-2017,27-12-2017 10:30,27-12-2017 10:30,27-12-2017 15:17,27-12-2017 14:23,25710.05,25700,25700,25700,26200,25200,89.15,15.9,75,131,2.45,1.7,4.5,11.25,23.25,3,25,1743.75,1086647.5,0.160728544,-0.006470562,-0.006470562
28-12-2017,28-12-2017,03-09-2017,28-12-2017 10:30,28-12-2017 10:30,28-12-2017 15:10,28-12-2017 15:15,25471.7,25500,25500,25500,26000,25000,41.4,7.4,77.1,9.5,0.15,0.1,1.05,0.7,101.2,3,25,7590,1094237.5,0.698478577,-0.001118036,-0.001118036
29-12-2017,04-01-2018,04-09-2017,29-12-2017 10:30,29-12-2017 10:30,29-12-2017 15:20,29-12-2017 15:20,25573,25600,25600,25600,26100,25100,103.6,93.1,177.75,177.25,8.95,6.1,24.45,22.2,5.9,3,25,442.5,1094680,0.040439119,-0.001631256,-0.001631256
